month,quarter,units,revenue,cogs,gross_profit,revenue_budget,units_budget,cogs_budget,operating_expenses,budget_opex,budget_gross_profit,revenue_variance,revenue_variance_pct,units_variance,units_variance_pct,cogs_variance,cogs_variance_pct,gross_profit_variance,gross_profit_variance_pct,opex_variance,opex_variance_pct,revenue_explanation,cogs_explanation,opex_explanation
2025-01-01,Q1,2386,35260.0,14600.9,20659.1,36432.92,2492.0,14747.6,19630.739999999998,20006.440000000002,21685.32,-1172.9199999999983,-3.219396084639931,-106.0,-4.253611556982344,-146.70000000000073,-0.9947381268816671,-1026.2200000000012,-4.732325831484162,-375.70000000000437,-1.8778953177077198,Unfavorable revenue variance,COGS broadly on budget,Operating expenses broadly on budget
2025-02-01,Q1,2503,35576.0,14727.8,20848.2,37064.94,2660.0,14026.73,21748.79,22051.17,23038.210000000003,-1488.9400000000023,-4.017111588471484,-157.0,-5.902255639097744,701.0699999999997,4.998100056107159,-2190.010000000002,-9.5059902657368,-302.3799999999974,-1.371265107475011,Unfavorable revenue variance,Unfavorable COGS variance,Operating expenses broadly on budget
2025-03-01,Q1,2692,38417.0,15867.800000000001,22549.199999999997,38317.71,2770.0,15672.33,23105.440000000002,22893.47,22645.379999999997,99.29000000000087,0.2591230008265131,-78.0,-2.815884476534296,195.47000000000116,1.2472299906906066,-96.18000000000029,-0.42472239370679715,211.97000000000116,0.9258972099904521,Revenue broadly on budget,COGS broadly on budget,Operating expenses broadly on budget
2025-04-01,Q2,2716,40112.0,16621.0,23491.0,41683.69,2685.0,16258.95,19810.22,20010.51,25424.74,-1571.6900000000023,-3.7705155181798977,31.0,1.1545623836126628,362.0499999999993,2.2267735616383546,-1933.7400000000016,-7.605741494308306,-200.28999999999724,-1.0009240144304032,Unfavorable revenue variance,COGS broadly on budget,Operating expenses broadly on budget
2025-05-01,Q2,2755,38512.0,15885.2,22626.8,38796.54,2875.0,15683.97,19327.3,19451.03,23112.57,-284.5400000000009,-0.7334159180174337,-120.0,-4.173913043478262,201.23000000000138,1.2830297431071431,-485.77000000000044,-2.1017567496821012,-123.72999999999956,-0.6361102728235963,Revenue broadly on budget,COGS broadly on budget,Operating expenses broadly on budget
2025-06-01,Q2,2830,39780.0,16467.3,23312.7,40436.49,2886.0,15789.11,22603.379999999997,22940.239999999998,24647.379999999997,-656.489999999998,-1.6235088653837115,-56.0,-1.9404019404019404,678.1899999999987,4.295302268462241,-1334.6799999999967,-5.415098886778217,-336.8600000000006,-1.4684240443866352,Revenue broadly on budget,Unfavorable COGS variance,Operating expenses broadly on budget
2025-07-01,Q3,2927,42765.0,17755.6,25009.4,44408.59,3071.0,17050.44,21425.7,22020.49,27358.149999999998,-1643.5899999999965,-3.701063240242477,-144.0,-4.689026375773364,705.1599999999999,4.135729048634521,-2348.7499999999964,-8.5851930777483,-594.7900000000009,-2.7010752258464765,Unfavorable revenue variance,Unfavorable COGS variance,Operating expenses broadly on budget
2025-08-01,Q3,2624,38583.0,15997.5,22585.5,40612.51,2675.0,15423.87,19658.35,19696.4,25188.64,-2029.510000000002,-4.997253309386694,-51.0,-1.9065420560747663,573.6299999999992,3.719105516319829,-2603.1399999999994,-10.334579397696738,-38.05000000000291,-0.1931825105095495,Unfavorable revenue variance,Unfavorable COGS variance,Operating expenses broadly on budget
2025-09-01,Q3,2867,41127.0,17003.5,24123.5,42662.03,2894.0,16475.15,21928.15,22297.71,26186.879999999997,-1535.0299999999988,-3.598117576683526,-27.0,-0.9329647546648236,528.3499999999985,3.2069510748005237,-2063.3799999999974,-7.87944191900676,-369.5599999999977,-1.6573899292797227,Unfavorable revenue variance,Unfavorable COGS variance,Operating expenses broadly on budget
2025-10-01,Q4,3378,49292.0,20402.3,28889.7,49787.54,3612.0,20008.64,19949.3,20532.28,29778.9,-495.5400000000009,-0.9953092681421916,-234.0,-6.4784053156146175,393.65999999999985,1.9674500615733996,-889.2000000000007,-2.986006870636594,-582.9799999999996,-2.8393339658333105,Revenue broadly on budget,COGS broadly on budget,Operating expenses broadly on budget
2025-11-01,Q4,3308,47000.0,19420.7,27579.3,48057.82,3421.0,18988.66,20690.239999999998,20990.72,29069.16,-1057.8199999999997,-2.201140209855544,-113.0,-3.303127740426776,432.0400000000009,2.275252703455646,-1489.8600000000006,-5.125225496711981,-300.4800000000032,-1.431489724983246,Revenue broadly on budget,COGS broadly on budget,Operating expenses broadly on budget
2025-12-01,Q4,2994,43257.0,17897.4,25359.6,44748.32,3121.0,17810.6,20420.44,21256.829999999998,26937.72,-1491.3199999999997,-3.332683774497008,-127.0,-4.0692085869913495,86.80000000000291,0.48735022963854624,-1578.1200000000026,-5.858402270125321,-836.3899999999994,-3.9346882860708745,Unfavorable revenue variance,COGS broadly on budget,Favorable operating expense variance
