month,quarter,units,revenue,cogs,gross_profit,operating_expenses,gross_margin_pct,operating_income,operating_margin_pct,rolling_3m_revenue,month_number,trend_revenue
2025-01-01,Q1,2386,35260.0,14600.9,20659.1,19630.74,58.59075439591604,1028.3600000000006,2.9165059557572337,,1,35514.807692307666
2025-02-01,Q1,2503,35576.0,14727.8,20848.2,21748.79,58.60186642680459,-900.5900000000001,-2.5314537890712847,,2,36476.97902097899
2025-03-01,Q1,2692,38417.0,15867.8,22549.2,23105.44,58.69588984043522,-556.2400000000016,-1.447900668974677,36417.666666666664,3,37439.15034965032
2025-04-01,Q2,2716,40112.0,16621.0,23491.0,19810.22,58.56352213801356,3680.779999999999,9.176256481850816,38035.0,4,38401.32167832165
2025-05-01,Q2,2755,38512.0,15885.2,22626.8,19327.3,58.75259659326962,3299.5,8.567459493144995,39013.666666666664,5,39363.49300699298
2025-06-01,Q2,2830,39780.0,16467.3,23312.7,22603.379999999997,58.60407239819004,709.3200000000033,1.7831070889894505,39468.0,6,40325.66433566431
2025-07-01,Q3,2927,42765.0,17755.6,25009.4,21425.7,58.48100081842629,3583.7000000000007,8.379983631474339,40352.333333333336,7,41287.83566433564
2025-08-01,Q3,2624,38583.0,15997.5,22585.5,19658.35,58.53743876836949,2927.1500000000015,7.586631417982017,40376.0,8,42250.006993006966
2025-09-01,Q3,2867,41127.0,17003.5,24123.5,21928.15,58.65611398837747,2195.3499999999985,5.337977484377656,40825.0,9,43212.17832167829
2025-10-01,Q4,3378,49292.0,20402.3,28889.7,19949.3,58.60930779842571,8940.400000000001,18.137628824149967,43000.666666666664,10,44174.34965034962
2025-11-01,Q4,3308,47000.0,19420.7,27579.3,20690.24,58.67936170212765,6889.060000000001,14.65757446808511,45806.333333333336,11,45136.52097902095
2025-12-01,Q4,2994,43257.0,17897.4,25359.6,20420.44,58.625424786739714,4939.16,11.418175093048523,46516.333333333336,12,46098.692307692276
