sku,units,revenue,cogs,gross_profit,gross_margin_pct
SKU001,2535,45630.0,18252.0,27378.0,60.0
SKU002,2814,33768.0,13507.199999999999,20260.8,60.0
SKU003,2996,29960.0,12283.599999999999,17676.4,59.00000000000001
SKU004,2950,41300.0,16520.0,24780.0,60.0
SKU005,2969,26721.0,10985.300000000001,15735.699999999999,58.88888888888888
SKU006,2722,21776.0,8710.4,13065.599999999999,60.0
SKU007,2926,46816.0,19896.8,26919.2,57.50000000000001
SKU008,2980,32780.0,13410.0,19370.0,59.09090909090909
SKU009,2525,50500.0,21462.5,29037.5,57.49999999999999
SKU010,2891,80948.0,34692.0,46256.0,57.14285714285714
SKU011,2799,36387.0,15114.6,21272.399999999998,58.46153846153845
SKU012,2873,43095.0,17812.600000000002,25282.399999999998,58.666666666666664
