month,quarter,revenue_budget,units_budget,cogs_budget
2025-01-01,Q1,36432.92,2492.0,14747.6
2025-02-01,Q1,37064.94,2660.0,14026.73
2025-03-01,Q1,38317.71,2770.0,15672.33
2025-04-01,Q2,41683.69,2685.0,16258.95
2025-05-01,Q2,38796.54,2875.0,15683.97
2025-06-01,Q2,40436.49,2886.0,15789.11
2025-07-01,Q3,44408.59,3071.0,17050.44
2025-08-01,Q3,40612.51,2675.0,15423.87
2025-09-01,Q3,42662.03,2894.0,16475.15
2025-10-01,Q4,49787.54,3612.0,20008.64
2025-11-01,Q4,48057.82,3421.0,18988.66
2025-12-01,Q4,44748.32,3121.0,17810.6
