month,quarter,department,actual_expense,budget_expense
2025-01-01,Q1,Marketing,4787.8,4943.51
2025-01-01,Q1,Sales,6200.57,6173.05
2025-01-01,Q1,Operations,5378.98,5499.92
2025-01-01,Q1,Corporate,3263.39,3389.96
2025-02-01,Q1,Marketing,4393.92,4298.42
2025-02-01,Q1,Sales,7210.77,7452.94
2025-02-01,Q1,Operations,6223.79,6245.17
2025-02-01,Q1,Corporate,3920.31,4054.64
2025-03-01,Q1,Marketing,5230.62,5235.42
2025-03-01,Q1,Sales,6661.85,6494.49
2025-03-01,Q1,Operations,6854.71,6712.9
2025-03-01,Q1,Corporate,4358.26,4450.66
2025-04-01,Q2,Marketing,4948.83,5079.94
2025-04-01,Q2,Sales,6003.12,5987.46
2025-04-01,Q2,Operations,4793.16,4965.55
2025-04-01,Q2,Corporate,4065.11,3977.56
2025-05-01,Q2,Marketing,4697.46,4783.65
2025-05-01,Q2,Sales,5760.43,5701.24
2025-05-01,Q2,Operations,5215.51,5234.83
2025-05-01,Q2,Corporate,3653.9,3731.31
2025-06-01,Q2,Marketing,5674.86,5666.29
2025-06-01,Q2,Sales,6958.45,7030.72
2025-06-01,Q2,Operations,5496.49,5744.7
2025-06-01,Q2,Corporate,4473.58,4498.53
2025-07-01,Q3,Marketing,5030.95,5236.68
2025-07-01,Q3,Sales,6052.13,6002.24
2025-07-01,Q3,Operations,6170.17,6375.3
2025-07-01,Q3,Corporate,4172.45,4406.27
2025-08-01,Q3,Marketing,4585.1,4393.48
2025-08-01,Q3,Sales,6401.02,6401.52
2025-08-01,Q3,Operations,5114.73,5290.81
2025-08-01,Q3,Corporate,3557.5,3610.59
2025-09-01,Q3,Marketing,5370.47,5527.71
2025-09-01,Q3,Sales,7492.9,7529.62
2025-09-01,Q3,Operations,4884.63,4992.9
2025-09-01,Q3,Corporate,4180.15,4247.48
2025-10-01,Q4,Marketing,4739.74,4972.91
2025-10-01,Q4,Sales,6246.69,6411.36
2025-10-01,Q4,Operations,5239.35,5388.36
2025-10-01,Q4,Corporate,3723.52,3759.65
2025-11-01,Q4,Marketing,5019.41,5058.61
2025-11-01,Q4,Sales,6067.91,6123.65
2025-11-01,Q4,Operations,5619.0,5786.79
2025-11-01,Q4,Corporate,3983.92,4021.67
2025-12-01,Q4,Marketing,4904.42,5038.04
2025-12-01,Q4,Sales,6028.07,6461.4
2025-12-01,Q4,Operations,5246.22,5465.4
2025-12-01,Q4,Corporate,4241.73,4291.99
