month,quarter,sku,channel,units,selling_price,unit_cogs,revenue,cogs
2025-01-01,Q1,SKU001,E-commerce,126,18.0,7.2,2268.0,907.2
2025-01-01,Q1,SKU001,Retail,46,18.0,7.2,828.0,331.2
2025-01-01,Q1,SKU001,Wholesale,32,18.0,7.2,576.0,230.4
2025-01-01,Q1,SKU002,E-commerce,82,12.0,4.8,984.0,393.59999999999997
2025-01-01,Q1,SKU002,Retail,61,12.0,4.8,732.0,292.8
2025-01-01,Q1,SKU002,Wholesale,49,12.0,4.8,588.0,235.2
2025-01-01,Q1,SKU003,E-commerce,61,10.0,4.1,610.0,250.09999999999997
2025-01-01,Q1,SKU003,Retail,48,10.0,4.1,480.0,196.79999999999998
2025-01-01,Q1,SKU003,Wholesale,80,10.0,4.1,800.0,328.0
2025-01-01,Q1,SKU004,E-commerce,50,14.0,5.6,700.0,280.0
2025-01-01,Q1,SKU004,Retail,100,14.0,5.6,1400.0,560.0
2025-01-01,Q1,SKU004,Wholesale,69,14.0,5.6,966.0,386.4
2025-01-01,Q1,SKU005,E-commerce,41,9.0,3.7,369.0,151.70000000000002
2025-01-01,Q1,SKU005,Retail,30,9.0,3.7,270.0,111.0
2025-01-01,Q1,SKU005,Wholesale,32,9.0,3.7,288.0,118.4
2025-01-01,Q1,SKU006,E-commerce,61,8.0,3.2,488.0,195.20000000000002
2025-01-01,Q1,SKU006,Retail,55,8.0,3.2,440.0,176.0
2025-01-01,Q1,SKU006,Wholesale,81,8.0,3.2,648.0,259.2
2025-01-01,Q1,SKU007,E-commerce,108,16.0,6.8,1728.0,734.4
2025-01-01,Q1,SKU007,Retail,32,16.0,6.8,512.0,217.6
2025-01-01,Q1,SKU007,Wholesale,95,16.0,6.8,1520.0,646.0
2025-01-01,Q1,SKU008,E-commerce,61,11.0,4.5,671.0,274.5
2025-01-01,Q1,SKU008,Retail,112,11.0,4.5,1232.0,504.0
2025-01-01,Q1,SKU008,Wholesale,74,11.0,4.5,814.0,333.0
2025-01-01,Q1,SKU009,E-commerce,87,20.0,8.5,1740.0,739.5
2025-01-01,Q1,SKU009,Retail,60,20.0,8.5,1200.0,510.0
2025-01-01,Q1,SKU009,Wholesale,67,20.0,8.5,1340.0,569.5
2025-01-01,Q1,SKU010,E-commerce,118,28.0,12.0,3304.0,1416.0
2025-01-01,Q1,SKU010,Retail,63,28.0,12.0,1764.0,756.0
2025-01-01,Q1,SKU010,Wholesale,27,28.0,12.0,756.0,324.0
2025-01-01,Q1,SKU011,E-commerce,54,13.0,5.4,702.0,291.6
2025-01-01,Q1,SKU011,Retail,97,13.0,5.4,1261.0,523.8000000000001
2025-01-01,Q1,SKU011,Wholesale,62,13.0,5.4,806.0,334.8
2025-01-01,Q1,SKU012,E-commerce,66,15.0,6.2,990.0,409.2
2025-01-01,Q1,SKU012,Retail,54,15.0,6.2,810.0,334.8
2025-01-01,Q1,SKU012,Wholesale,45,15.0,6.2,675.0,279.0
2025-02-01,Q1,SKU001,E-commerce,82,18.0,7.2,1476.0,590.4
2025-02-01,Q1,SKU001,Retail,38,18.0,7.2,684.0,273.6
2025-02-01,Q1,SKU001,Wholesale,33,18.0,7.2,594.0,237.6
2025-02-01,Q1,SKU002,E-commerce,88,12.0,4.8,1056.0,422.4
2025-02-01,Q1,SKU002,Retail,47,12.0,4.8,564.0,225.6
2025-02-01,Q1,SKU002,Wholesale,65,12.0,4.8,780.0,312.0
2025-02-01,Q1,SKU003,E-commerce,81,10.0,4.1,810.0,332.09999999999997
2025-02-01,Q1,SKU003,Retail,103,10.0,4.1,1030.0,422.29999999999995
2025-02-01,Q1,SKU003,Wholesale,48,10.0,4.1,480.0,196.79999999999998
2025-02-01,Q1,SKU004,E-commerce,39,14.0,5.6,546.0,218.39999999999998
2025-02-01,Q1,SKU004,Retail,85,14.0,5.6,1190.0,475.99999999999994
2025-02-01,Q1,SKU004,Wholesale,90,14.0,5.6,1260.0,503.99999999999994
2025-02-01,Q1,SKU005,E-commerce,53,9.0,3.7,477.0,196.10000000000002
2025-02-01,Q1,SKU005,Retail,67,9.0,3.7,603.0,247.9
2025-02-01,Q1,SKU005,Wholesale,37,9.0,3.7,333.0,136.9
2025-02-01,Q1,SKU006,E-commerce,106,8.0,3.2,848.0,339.20000000000005
2025-02-01,Q1,SKU006,Retail,64,8.0,3.2,512.0,204.8
2025-02-01,Q1,SKU006,Wholesale,97,8.0,3.2,776.0,310.40000000000003
2025-02-01,Q1,SKU007,E-commerce,128,16.0,6.8,2048.0,870.4
2025-02-01,Q1,SKU007,Retail,82,16.0,6.8,1312.0,557.6
2025-02-01,Q1,SKU007,Wholesale,81,16.0,6.8,1296.0,550.8
2025-02-01,Q1,SKU008,E-commerce,60,11.0,4.5,660.0,270.0
2025-02-01,Q1,SKU008,Retail,41,11.0,4.5,451.0,184.5
2025-02-01,Q1,SKU008,Wholesale,34,11.0,4.5,374.0,153.0
2025-02-01,Q1,SKU009,E-commerce,119,20.0,8.5,2380.0,1011.5
2025-02-01,Q1,SKU009,Retail,59,20.0,8.5,1180.0,501.5
2025-02-01,Q1,SKU009,Wholesale,52,20.0,8.5,1040.0,442.0
2025-02-01,Q1,SKU010,E-commerce,42,28.0,12.0,1176.0,504.0
2025-02-01,Q1,SKU010,Retail,64,28.0,12.0,1792.0,768.0
2025-02-01,Q1,SKU010,Wholesale,42,28.0,12.0,1176.0,504.0
2025-02-01,Q1,SKU011,E-commerce,86,13.0,5.4,1118.0,464.40000000000003
2025-02-01,Q1,SKU011,Retail,71,13.0,5.4,923.0,383.40000000000003
2025-02-01,Q1,SKU011,Wholesale,77,13.0,5.4,1001.0,415.8
2025-02-01,Q1,SKU012,E-commerce,114,15.0,6.2,1710.0,706.8000000000001
2025-02-01,Q1,SKU012,Retail,79,15.0,6.2,1185.0,489.8
2025-02-01,Q1,SKU012,Wholesale,49,15.0,6.2,735.0,303.8
2025-03-01,Q1,SKU001,E-commerce,85,18.0,7.2,1530.0,612.0
2025-03-01,Q1,SKU001,Retail,85,18.0,7.2,1530.0,612.0
2025-03-01,Q1,SKU001,Wholesale,38,18.0,7.2,684.0,273.6
2025-03-01,Q1,SKU002,E-commerce,133,12.0,4.8,1596.0,638.4
2025-03-01,Q1,SKU002,Retail,66,12.0,4.8,792.0,316.8
2025-03-01,Q1,SKU002,Wholesale,92,12.0,4.8,1104.0,441.59999999999997
2025-03-01,Q1,SKU003,E-commerce,46,10.0,4.1,460.0,188.6
2025-03-01,Q1,SKU003,Retail,89,10.0,4.1,890.0,364.9
2025-03-01,Q1,SKU003,Wholesale,92,10.0,4.1,920.0,377.2
2025-03-01,Q1,SKU004,E-commerce,60,14.0,5.6,840.0,336.0
2025-03-01,Q1,SKU004,Retail,109,14.0,5.6,1526.0,610.4
2025-03-01,Q1,SKU004,Wholesale,51,14.0,5.6,714.0,285.59999999999997
2025-03-01,Q1,SKU005,E-commerce,53,9.0,3.7,477.0,196.10000000000002
2025-03-01,Q1,SKU005,Retail,85,9.0,3.7,765.0,314.5
2025-03-01,Q1,SKU005,Wholesale,71,9.0,3.7,639.0,262.7
2025-03-01,Q1,SKU006,E-commerce,74,8.0,3.2,592.0,236.8
2025-03-01,Q1,SKU006,Retail,105,8.0,3.2,840.0,336.0
2025-03-01,Q1,SKU006,Wholesale,89,8.0,3.2,712.0,284.8
2025-03-01,Q1,SKU007,E-commerce,66,16.0,6.8,1056.0,448.8
2025-03-01,Q1,SKU007,Retail,77,16.0,6.8,1232.0,523.6
2025-03-01,Q1,SKU007,Wholesale,32,16.0,6.8,512.0,217.6
2025-03-01,Q1,SKU008,E-commerce,65,11.0,4.5,715.0,292.5
2025-03-01,Q1,SKU008,Retail,35,11.0,4.5,385.0,157.5
2025-03-01,Q1,SKU008,Wholesale,53,11.0,4.5,583.0,238.5
2025-03-01,Q1,SKU009,E-commerce,91,20.0,8.5,1820.0,773.5
2025-03-01,Q1,SKU009,Retail,66,20.0,8.5,1320.0,561.0
2025-03-01,Q1,SKU009,Wholesale,34,20.0,8.5,680.0,289.0
2025-03-01,Q1,SKU010,E-commerce,63,28.0,12.0,1764.0,756.0
2025-03-01,Q1,SKU010,Retail,90,28.0,12.0,2520.0,1080.0
2025-03-01,Q1,SKU010,Wholesale,58,28.0,12.0,1624.0,696.0
2025-03-01,Q1,SKU011,E-commerce,63,13.0,5.4,819.0,340.20000000000005
2025-03-01,Q1,SKU011,Retail,104,13.0,5.4,1352.0,561.6
2025-03-01,Q1,SKU011,Wholesale,78,13.0,5.4,1014.0,421.20000000000005
2025-03-01,Q1,SKU012,E-commerce,91,15.0,6.2,1365.0,564.2
2025-03-01,Q1,SKU012,Retail,127,15.0,6.2,1905.0,787.4
2025-03-01,Q1,SKU012,Wholesale,76,15.0,6.2,1140.0,471.2
2025-04-01,Q2,SKU001,E-commerce,59,18.0,7.2,1062.0,424.8
2025-04-01,Q2,SKU001,Retail,67,18.0,7.2,1206.0,482.40000000000003
2025-04-01,Q2,SKU001,Wholesale,37,18.0,7.2,666.0,266.40000000000003
2025-04-01,Q2,SKU002,E-commerce,72,12.0,4.8,864.0,345.59999999999997
2025-04-01,Q2,SKU002,Retail,106,12.0,4.8,1272.0,508.79999999999995
2025-04-01,Q2,SKU002,Wholesale,104,12.0,4.8,1248.0,499.2
2025-04-01,Q2,SKU003,E-commerce,73,10.0,4.1,730.0,299.29999999999995
2025-04-01,Q2,SKU003,Retail,111,10.0,4.1,1110.0,455.09999999999997
2025-04-01,Q2,SKU003,Wholesale,75,10.0,4.1,750.0,307.5
2025-04-01,Q2,SKU004,E-commerce,108,14.0,5.6,1512.0,604.8
2025-04-01,Q2,SKU004,Retail,93,14.0,5.6,1302.0,520.8
2025-04-01,Q2,SKU004,Wholesale,72,14.0,5.6,1008.0,403.2
2025-04-01,Q2,SKU005,E-commerce,73,9.0,3.7,657.0,270.1
2025-04-01,Q2,SKU005,Retail,48,9.0,3.7,432.0,177.60000000000002
2025-04-01,Q2,SKU005,Wholesale,94,9.0,3.7,846.0,347.8
2025-04-01,Q2,SKU006,E-commerce,95,8.0,3.2,760.0,304.0
2025-04-01,Q2,SKU006,Retail,48,8.0,3.2,384.0,153.60000000000002
2025-04-01,Q2,SKU006,Wholesale,40,8.0,3.2,320.0,128.0
2025-04-01,Q2,SKU007,E-commerce,49,16.0,6.8,784.0,333.2
2025-04-01,Q2,SKU007,Retail,51,16.0,6.8,816.0,346.8
2025-04-01,Q2,SKU007,Wholesale,98,16.0,6.8,1568.0,666.4
2025-04-01,Q2,SKU008,E-commerce,58,11.0,4.5,638.0,261.0
2025-04-01,Q2,SKU008,Retail,77,11.0,4.5,847.0,346.5
2025-04-01,Q2,SKU008,Wholesale,94,11.0,4.5,1034.0,423.0
2025-04-01,Q2,SKU009,E-commerce,43,20.0,8.5,860.0,365.5
2025-04-01,Q2,SKU009,Retail,87,20.0,8.5,1740.0,739.5
2025-04-01,Q2,SKU009,Wholesale,65,20.0,8.5,1300.0,552.5
2025-04-01,Q2,SKU010,E-commerce,137,28.0,12.0,3836.0,1644.0
2025-04-01,Q2,SKU010,Retail,88,28.0,12.0,2464.0,1056.0
2025-04-01,Q2,SKU010,Wholesale,84,28.0,12.0,2352.0,1008.0
2025-04-01,Q2,SKU011,E-commerce,78,13.0,5.4,1014.0,421.20000000000005
2025-04-01,Q2,SKU011,Retail,94,13.0,5.4,1222.0,507.6
2025-04-01,Q2,SKU011,Wholesale,31,13.0,5.4,403.0,167.4
2025-04-01,Q2,SKU012,E-commerce,59,15.0,6.2,885.0,365.8
2025-04-01,Q2,SKU012,Retail,89,15.0,6.2,1335.0,551.8000000000001
2025-04-01,Q2,SKU012,Wholesale,59,15.0,6.2,885.0,365.8
2025-05-01,Q2,SKU001,E-commerce,131,18.0,7.2,2358.0,943.2
2025-05-01,Q2,SKU001,Retail,82,18.0,7.2,1476.0,590.4
2025-05-01,Q2,SKU001,Wholesale,37,18.0,7.2,666.0,266.40000000000003
2025-05-01,Q2,SKU002,E-commerce,70,12.0,4.8,840.0,336.0
2025-05-01,Q2,SKU002,Retail,93,12.0,4.8,1116.0,446.4
2025-05-01,Q2,SKU002,Wholesale,47,12.0,4.8,564.0,225.6
2025-05-01,Q2,SKU003,E-commerce,104,10.0,4.1,1040.0,426.4
2025-05-01,Q2,SKU003,Retail,35,10.0,4.1,350.0,143.5
2025-05-01,Q2,SKU003,Wholesale,54,10.0,4.1,540.0,221.39999999999998
2025-05-01,Q2,SKU004,E-commerce,110,14.0,5.6,1540.0,616.0
2025-05-01,Q2,SKU004,Retail,58,14.0,5.6,812.0,324.79999999999995
2025-05-01,Q2,SKU004,Wholesale,79,14.0,5.6,1106.0,442.4
2025-05-01,Q2,SKU005,E-commerce,60,9.0,3.7,540.0,222.0
2025-05-01,Q2,SKU005,Retail,119,9.0,3.7,1071.0,440.3
2025-05-01,Q2,SKU005,Wholesale,56,9.0,3.7,504.0,207.20000000000002
2025-05-01,Q2,SKU006,E-commerce,134,8.0,3.2,1072.0,428.8
2025-05-01,Q2,SKU006,Retail,91,8.0,3.2,728.0,291.2
2025-05-01,Q2,SKU006,Wholesale,101,8.0,3.2,808.0,323.20000000000005
2025-05-01,Q2,SKU007,E-commerce,72,16.0,6.8,1152.0,489.59999999999997
2025-05-01,Q2,SKU007,Retail,50,16.0,6.8,800.0,340.0
2025-05-01,Q2,SKU007,Wholesale,75,16.0,6.8,1200.0,510.0
2025-05-01,Q2,SKU008,E-commerce,62,11.0,4.5,682.0,279.0
2025-05-01,Q2,SKU008,Retail,110,11.0,4.5,1210.0,495.0
2025-05-01,Q2,SKU008,Wholesale,99,11.0,4.5,1089.0,445.5
2025-05-01,Q2,SKU009,E-commerce,37,20.0,8.5,740.0,314.5
2025-05-01,Q2,SKU009,Retail,104,20.0,8.5,2080.0,884.0
2025-05-01,Q2,SKU009,Wholesale,60,20.0,8.5,1200.0,510.0
2025-05-01,Q2,SKU010,E-commerce,99,28.0,12.0,2772.0,1188.0
2025-05-01,Q2,SKU010,Retail,36,28.0,12.0,1008.0,432.0
2025-05-01,Q2,SKU010,Wholesale,42,28.0,12.0,1176.0,504.0
2025-05-01,Q2,SKU011,E-commerce,91,13.0,5.4,1183.0,491.40000000000003
2025-05-01,Q2,SKU011,Retail,78,13.0,5.4,1014.0,421.20000000000005
2025-05-01,Q2,SKU011,Wholesale,55,13.0,5.4,715.0,297.0
2025-05-01,Q2,SKU012,E-commerce,51,15.0,6.2,765.0,316.2
2025-05-01,Q2,SKU012,Retail,63,15.0,6.2,945.0,390.6
2025-05-01,Q2,SKU012,Wholesale,110,15.0,6.2,1650.0,682.0
2025-06-01,Q2,SKU001,E-commerce,51,18.0,7.2,918.0,367.2
2025-06-01,Q2,SKU001,Retail,41,18.0,7.2,738.0,295.2
2025-06-01,Q2,SKU001,Wholesale,75,18.0,7.2,1350.0,540.0
2025-06-01,Q2,SKU002,E-commerce,49,12.0,4.8,588.0,235.2
2025-06-01,Q2,SKU002,Retail,101,12.0,4.8,1212.0,484.79999999999995
2025-06-01,Q2,SKU002,Wholesale,45,12.0,4.8,540.0,216.0
2025-06-01,Q2,SKU003,E-commerce,58,10.0,4.1,580.0,237.79999999999998
2025-06-01,Q2,SKU003,Retail,118,10.0,4.1,1180.0,483.79999999999995
2025-06-01,Q2,SKU003,Wholesale,75,10.0,4.1,750.0,307.5
2025-06-01,Q2,SKU004,E-commerce,101,14.0,5.6,1414.0,565.5999999999999
2025-06-01,Q2,SKU004,Retail,53,14.0,5.6,742.0,296.79999999999995
2025-06-01,Q2,SKU004,Wholesale,61,14.0,5.6,854.0,341.59999999999997
2025-06-01,Q2,SKU005,E-commerce,114,9.0,3.7,1026.0,421.8
2025-06-01,Q2,SKU005,Retail,100,9.0,3.7,900.0,370.0
2025-06-01,Q2,SKU005,Wholesale,76,9.0,3.7,684.0,281.2
2025-06-01,Q2,SKU006,E-commerce,70,8.0,3.2,560.0,224.0
2025-06-01,Q2,SKU006,Retail,96,8.0,3.2,768.0,307.20000000000005
2025-06-01,Q2,SKU006,Wholesale,51,8.0,3.2,408.0,163.20000000000002
2025-06-01,Q2,SKU007,E-commerce,81,16.0,6.8,1296.0,550.8
2025-06-01,Q2,SKU007,Retail,78,16.0,6.8,1248.0,530.4
2025-06-01,Q2,SKU007,Wholesale,104,16.0,6.8,1664.0,707.1999999999999
2025-06-01,Q2,SKU008,E-commerce,135,11.0,4.5,1485.0,607.5
2025-06-01,Q2,SKU008,Retail,89,11.0,4.5,979.0,400.5
2025-06-01,Q2,SKU008,Wholesale,83,11.0,4.5,913.0,373.5
2025-06-01,Q2,SKU009,E-commerce,98,20.0,8.5,1960.0,833.0
2025-06-01,Q2,SKU009,Retail,85,20.0,8.5,1700.0,722.5
2025-06-01,Q2,SKU009,Wholesale,44,20.0,8.5,880.0,374.0
2025-06-01,Q2,SKU010,E-commerce,75,28.0,12.0,2100.0,900.0
2025-06-01,Q2,SKU010,Retail,65,28.0,12.0,1820.0,780.0
2025-06-01,Q2,SKU010,Wholesale,47,28.0,12.0,1316.0,564.0
2025-06-01,Q2,SKU011,E-commerce,89,13.0,5.4,1157.0,480.6
2025-06-01,Q2,SKU011,Retail,40,13.0,5.4,520.0,216.0
2025-06-01,Q2,SKU011,Wholesale,100,13.0,5.4,1300.0,540.0
2025-06-01,Q2,SKU012,E-commerce,121,15.0,6.2,1815.0,750.2
2025-06-01,Q2,SKU012,Retail,62,15.0,6.2,930.0,384.40000000000003
2025-06-01,Q2,SKU012,Wholesale,99,15.0,6.2,1485.0,613.8000000000001
2025-07-01,Q3,SKU001,E-commerce,70,18.0,7.2,1260.0,504.0
2025-07-01,Q3,SKU001,Retail,37,18.0,7.2,666.0,266.40000000000003
2025-07-01,Q3,SKU001,Wholesale,38,18.0,7.2,684.0,273.6
2025-07-01,Q3,SKU002,E-commerce,137,12.0,4.8,1644.0,657.6
2025-07-01,Q3,SKU002,Retail,53,12.0,4.8,636.0,254.39999999999998
2025-07-01,Q3,SKU002,Wholesale,49,12.0,4.8,588.0,235.2
2025-07-01,Q3,SKU003,E-commerce,53,10.0,4.1,530.0,217.29999999999998
2025-07-01,Q3,SKU003,Retail,36,10.0,4.1,360.0,147.6
2025-07-01,Q3,SKU003,Wholesale,68,10.0,4.1,680.0,278.79999999999995
2025-07-01,Q3,SKU004,E-commerce,56,14.0,5.6,784.0,313.59999999999997
2025-07-01,Q3,SKU004,Retail,108,14.0,5.6,1512.0,604.8
2025-07-01,Q3,SKU004,Wholesale,54,14.0,5.6,756.0,302.4
2025-07-01,Q3,SKU005,E-commerce,78,9.0,3.7,702.0,288.6
2025-07-01,Q3,SKU005,Retail,136,9.0,3.7,1224.0,503.20000000000005
2025-07-01,Q3,SKU005,Wholesale,83,9.0,3.7,747.0,307.1
2025-07-01,Q3,SKU006,E-commerce,74,8.0,3.2,592.0,236.8
2025-07-01,Q3,SKU006,Retail,112,8.0,3.2,896.0,358.40000000000003
2025-07-01,Q3,SKU006,Wholesale,44,8.0,3.2,352.0,140.8
2025-07-01,Q3,SKU007,E-commerce,150,16.0,6.8,2400.0,1020.0
2025-07-01,Q3,SKU007,Retail,122,16.0,6.8,1952.0,829.6
2025-07-01,Q3,SKU007,Wholesale,73,16.0,6.8,1168.0,496.4
2025-07-01,Q3,SKU008,E-commerce,79,11.0,4.5,869.0,355.5
2025-07-01,Q3,SKU008,Retail,97,11.0,4.5,1067.0,436.5
2025-07-01,Q3,SKU008,Wholesale,85,11.0,4.5,935.0,382.5
2025-07-01,Q3,SKU009,E-commerce,65,20.0,8.5,1300.0,552.5
2025-07-01,Q3,SKU009,Retail,50,20.0,8.5,1000.0,425.0
2025-07-01,Q3,SKU009,Wholesale,44,20.0,8.5,880.0,374.0
2025-07-01,Q3,SKU010,E-commerce,151,28.0,12.0,4228.0,1812.0
2025-07-01,Q3,SKU010,Retail,87,28.0,12.0,2436.0,1044.0
2025-07-01,Q3,SKU010,Wholesale,71,28.0,12.0,1988.0,852.0
2025-07-01,Q3,SKU011,E-commerce,101,13.0,5.4,1313.0,545.4000000000001
2025-07-01,Q3,SKU011,Retail,89,13.0,5.4,1157.0,480.6
2025-07-01,Q3,SKU011,Wholesale,98,13.0,5.4,1274.0,529.2
2025-07-01,Q3,SKU012,E-commerce,50,15.0,6.2,750.0,310.0
2025-07-01,Q3,SKU012,Retail,114,15.0,6.2,1710.0,706.8000000000001
2025-07-01,Q3,SKU012,Wholesale,115,15.0,6.2,1725.0,713.0
2025-08-01,Q3,SKU001,E-commerce,65,18.0,7.2,1170.0,468.0
2025-08-01,Q3,SKU001,Retail,49,18.0,7.2,882.0,352.8
2025-08-01,Q3,SKU001,Wholesale,69,18.0,7.2,1242.0,496.8
2025-08-01,Q3,SKU002,E-commerce,89,12.0,4.8,1068.0,427.2
2025-08-01,Q3,SKU002,Retail,57,12.0,4.8,684.0,273.59999999999997
2025-08-01,Q3,SKU002,Wholesale,57,12.0,4.8,684.0,273.59999999999997
2025-08-01,Q3,SKU003,E-commerce,72,10.0,4.1,720.0,295.2
2025-08-01,Q3,SKU003,Retail,67,10.0,4.1,670.0,274.7
2025-08-01,Q3,SKU003,Wholesale,87,10.0,4.1,870.0,356.7
2025-08-01,Q3,SKU004,E-commerce,108,14.0,5.6,1512.0,604.8
2025-08-01,Q3,SKU004,Retail,41,14.0,5.6,574.0,229.6
2025-08-01,Q3,SKU004,Wholesale,75,14.0,5.6,1050.0,420.0
2025-08-01,Q3,SKU005,E-commerce,67,9.0,3.7,603.0,247.9
2025-08-01,Q3,SKU005,Retail,68,9.0,3.7,612.0,251.60000000000002
2025-08-01,Q3,SKU005,Wholesale,97,9.0,3.7,873.0,358.90000000000003
2025-08-01,Q3,SKU006,E-commerce,69,8.0,3.2,552.0,220.8
2025-08-01,Q3,SKU006,Retail,45,8.0,3.2,360.0,144.0
2025-08-01,Q3,SKU006,Wholesale,84,8.0,3.2,672.0,268.8
2025-08-01,Q3,SKU007,E-commerce,139,16.0,6.8,2224.0,945.1999999999999
2025-08-01,Q3,SKU007,Retail,44,16.0,6.8,704.0,299.2
2025-08-01,Q3,SKU007,Wholesale,41,16.0,6.8,656.0,278.8
2025-08-01,Q3,SKU008,E-commerce,140,11.0,4.5,1540.0,630.0
2025-08-01,Q3,SKU008,Retail,103,11.0,4.5,1133.0,463.5
2025-08-01,Q3,SKU008,Wholesale,34,11.0,4.5,374.0,153.0
2025-08-01,Q3,SKU009,E-commerce,55,20.0,8.5,1100.0,467.5
2025-08-01,Q3,SKU009,Retail,66,20.0,8.5,1320.0,561.0
2025-08-01,Q3,SKU009,Wholesale,51,20.0,8.5,1020.0,433.5
2025-08-01,Q3,SKU010,E-commerce,100,28.0,12.0,2800.0,1200.0
2025-08-01,Q3,SKU010,Retail,105,28.0,12.0,2940.0,1260.0
2025-08-01,Q3,SKU010,Wholesale,92,28.0,12.0,2576.0,1104.0
2025-08-01,Q3,SKU011,E-commerce,83,13.0,5.4,1079.0,448.20000000000005
2025-08-01,Q3,SKU011,Retail,83,13.0,5.4,1079.0,448.20000000000005
2025-08-01,Q3,SKU011,Wholesale,45,13.0,5.4,585.0,243.00000000000003
2025-08-01,Q3,SKU012,E-commerce,56,15.0,6.2,840.0,347.2
2025-08-01,Q3,SKU012,Retail,88,15.0,6.2,1320.0,545.6
2025-08-01,Q3,SKU012,Wholesale,33,15.0,6.2,495.0,204.6
2025-09-01,Q3,SKU001,E-commerce,102,18.0,7.2,1836.0,734.4
2025-09-01,Q3,SKU001,Retail,69,18.0,7.2,1242.0,496.8
2025-09-01,Q3,SKU001,Wholesale,83,18.0,7.2,1494.0,597.6
2025-09-01,Q3,SKU002,E-commerce,81,12.0,4.8,972.0,388.8
2025-09-01,Q3,SKU002,Retail,91,12.0,4.8,1092.0,436.8
2025-09-01,Q3,SKU002,Wholesale,103,12.0,4.8,1236.0,494.4
2025-09-01,Q3,SKU003,E-commerce,145,10.0,4.1,1450.0,594.5
2025-09-01,Q3,SKU003,Retail,98,10.0,4.1,980.0,401.79999999999995
2025-09-01,Q3,SKU003,Wholesale,53,10.0,4.1,530.0,217.29999999999998
2025-09-01,Q3,SKU004,E-commerce,71,14.0,5.6,994.0,397.59999999999997
2025-09-01,Q3,SKU004,Retail,82,14.0,5.6,1148.0,459.2
2025-09-01,Q3,SKU004,Wholesale,59,14.0,5.6,826.0,330.4
2025-09-01,Q3,SKU005,E-commerce,46,9.0,3.7,414.0,170.20000000000002
2025-09-01,Q3,SKU005,Retail,112,9.0,3.7,1008.0,414.40000000000003
2025-09-01,Q3,SKU005,Wholesale,101,9.0,3.7,909.0,373.70000000000005
2025-09-01,Q3,SKU006,E-commerce,52,8.0,3.2,416.0,166.4
2025-09-01,Q3,SKU006,Retail,80,8.0,3.2,640.0,256.0
2025-09-01,Q3,SKU006,Wholesale,38,8.0,3.2,304.0,121.60000000000001
2025-09-01,Q3,SKU007,E-commerce,53,16.0,6.8,848.0,360.4
2025-09-01,Q3,SKU007,Retail,112,16.0,6.8,1792.0,761.6
2025-09-01,Q3,SKU007,Wholesale,91,16.0,6.8,1456.0,618.8
2025-09-01,Q3,SKU008,E-commerce,115,11.0,4.5,1265.0,517.5
2025-09-01,Q3,SKU008,Retail,108,11.0,4.5,1188.0,486.0
2025-09-01,Q3,SKU008,Wholesale,54,11.0,4.5,594.0,243.0
2025-09-01,Q3,SKU009,E-commerce,53,20.0,8.5,1060.0,450.5
2025-09-01,Q3,SKU009,Retail,115,20.0,8.5,2300.0,977.5
2025-09-01,Q3,SKU009,Wholesale,45,20.0,8.5,900.0,382.5
2025-09-01,Q3,SKU010,E-commerce,69,28.0,12.0,1932.0,828.0
2025-09-01,Q3,SKU010,Retail,48,28.0,12.0,1344.0,576.0
2025-09-01,Q3,SKU010,Wholesale,99,28.0,12.0,2772.0,1188.0
2025-09-01,Q3,SKU011,E-commerce,52,13.0,5.4,676.0,280.8
2025-09-01,Q3,SKU011,Retail,69,13.0,5.4,897.0,372.6
2025-09-01,Q3,SKU011,Wholesale,79,13.0,5.4,1027.0,426.6
2025-09-01,Q3,SKU012,E-commerce,62,15.0,6.2,930.0,384.40000000000003
2025-09-01,Q3,SKU012,Retail,107,15.0,6.2,1605.0,663.4
2025-09-01,Q3,SKU012,Wholesale,70,15.0,6.2,1050.0,434.0
2025-10-01,Q4,SKU001,E-commerce,130,18.0,7.2,2340.0,936.0
2025-10-01,Q4,SKU001,Retail,118,18.0,7.2,2124.0,849.6
2025-10-01,Q4,SKU001,Wholesale,43,18.0,7.2,774.0,309.6
2025-10-01,Q4,SKU002,E-commerce,157,12.0,4.8,1884.0,753.6
2025-10-01,Q4,SKU002,Retail,55,12.0,4.8,660.0,264.0
2025-10-01,Q4,SKU002,Wholesale,92,12.0,4.8,1104.0,441.59999999999997
2025-10-01,Q4,SKU003,E-commerce,154,10.0,4.1,1540.0,631.4
2025-10-01,Q4,SKU003,Retail,119,10.0,4.1,1190.0,487.9
2025-10-01,Q4,SKU003,Wholesale,107,10.0,4.1,1070.0,438.7
2025-10-01,Q4,SKU004,E-commerce,123,14.0,5.6,1722.0,688.8
2025-10-01,Q4,SKU004,Retail,95,14.0,5.6,1330.0,532.0
2025-10-01,Q4,SKU004,Wholesale,67,14.0,5.6,938.0,375.2
2025-10-01,Q4,SKU005,E-commerce,73,9.0,3.7,657.0,270.1
2025-10-01,Q4,SKU005,Retail,137,9.0,3.7,1233.0,506.90000000000003
2025-10-01,Q4,SKU005,Wholesale,77,9.0,3.7,693.0,284.90000000000003
2025-10-01,Q4,SKU006,E-commerce,80,8.0,3.2,640.0,256.0
2025-10-01,Q4,SKU006,Retail,74,8.0,3.2,592.0,236.8
2025-10-01,Q4,SKU006,Wholesale,86,8.0,3.2,688.0,275.2
2025-10-01,Q4,SKU007,E-commerce,67,16.0,6.8,1072.0,455.59999999999997
2025-10-01,Q4,SKU007,Retail,135,16.0,6.8,2160.0,918.0
2025-10-01,Q4,SKU007,Wholesale,112,16.0,6.8,1792.0,761.6
2025-10-01,Q4,SKU008,E-commerce,96,11.0,4.5,1056.0,432.0
2025-10-01,Q4,SKU008,Retail,97,11.0,4.5,1067.0,436.5
2025-10-01,Q4,SKU008,Wholesale,66,11.0,4.5,726.0,297.0
2025-10-01,Q4,SKU009,E-commerce,53,20.0,8.5,1060.0,450.5
2025-10-01,Q4,SKU009,Retail,41,20.0,8.5,820.0,348.5
2025-10-01,Q4,SKU009,Wholesale,95,20.0,8.5,1900.0,807.5
2025-10-01,Q4,SKU010,E-commerce,165,28.0,12.0,4620.0,1980.0
2025-10-01,Q4,SKU010,Retail,134,28.0,12.0,3752.0,1608.0
2025-10-01,Q4,SKU010,Wholesale,46,28.0,12.0,1288.0,552.0
2025-10-01,Q4,SKU011,E-commerce,57,13.0,5.4,741.0,307.8
2025-10-01,Q4,SKU011,Retail,111,13.0,5.4,1443.0,599.4000000000001
2025-10-01,Q4,SKU011,Wholesale,62,13.0,5.4,806.0,334.8
2025-10-01,Q4,SKU012,E-commerce,125,15.0,6.2,1875.0,775.0
2025-10-01,Q4,SKU012,Retail,82,15.0,6.2,1230.0,508.40000000000003
2025-10-01,Q4,SKU012,Wholesale,47,15.0,6.2,705.0,291.40000000000003
2025-11-01,Q4,SKU001,E-commerce,106,18.0,7.2,1908.0,763.2
2025-11-01,Q4,SKU001,Retail,56,18.0,7.2,1008.0,403.2
2025-11-01,Q4,SKU001,Wholesale,65,18.0,7.2,1170.0,468.0
2025-11-01,Q4,SKU002,E-commerce,109,12.0,4.8,1308.0,523.1999999999999
2025-11-01,Q4,SKU002,Retail,88,12.0,4.8,1056.0,422.4
2025-11-01,Q4,SKU002,Wholesale,53,12.0,4.8,636.0,254.39999999999998
2025-11-01,Q4,SKU003,E-commerce,120,10.0,4.1,1200.0,491.99999999999994
2025-11-01,Q4,SKU003,Retail,122,10.0,4.1,1220.0,500.19999999999993
2025-11-01,Q4,SKU003,Wholesale,73,10.0,4.1,730.0,299.29999999999995
2025-11-01,Q4,SKU004,E-commerce,137,14.0,5.6,1918.0,767.1999999999999
2025-11-01,Q4,SKU004,Retail,139,14.0,5.6,1946.0,778.4
2025-11-01,Q4,SKU004,Wholesale,106,14.0,5.6,1484.0,593.5999999999999
2025-11-01,Q4,SKU005,E-commerce,52,9.0,3.7,468.0,192.4
2025-11-01,Q4,SKU005,Retail,152,9.0,3.7,1368.0,562.4
2025-11-01,Q4,SKU005,Wholesale,123,9.0,3.7,1107.0,455.1
2025-11-01,Q4,SKU006,E-commerce,88,8.0,3.2,704.0,281.6
2025-11-01,Q4,SKU006,Retail,150,8.0,3.2,1200.0,480.0
2025-11-01,Q4,SKU006,Wholesale,48,8.0,3.2,384.0,153.60000000000002
2025-11-01,Q4,SKU007,E-commerce,79,16.0,6.8,1264.0,537.1999999999999
2025-11-01,Q4,SKU007,Retail,75,16.0,6.8,1200.0,510.0
2025-11-01,Q4,SKU007,Wholesale,45,16.0,6.8,720.0,306.0
2025-11-01,Q4,SKU008,E-commerce,59,11.0,4.5,649.0,265.5
2025-11-01,Q4,SKU008,Retail,102,11.0,4.5,1122.0,459.0
2025-11-01,Q4,SKU008,Wholesale,51,11.0,4.5,561.0,229.5
2025-11-01,Q4,SKU009,E-commerce,84,20.0,8.5,1680.0,714.0
2025-11-01,Q4,SKU009,Retail,84,20.0,8.5,1680.0,714.0
2025-11-01,Q4,SKU009,Wholesale,115,20.0,8.5,2300.0,977.5
2025-11-01,Q4,SKU010,E-commerce,91,28.0,12.0,2548.0,1092.0
2025-11-01,Q4,SKU010,Retail,99,28.0,12.0,2772.0,1188.0
2025-11-01,Q4,SKU010,Wholesale,58,28.0,12.0,1624.0,696.0
2025-11-01,Q4,SKU011,E-commerce,139,13.0,5.4,1807.0,750.6
2025-11-01,Q4,SKU011,Retail,83,13.0,5.4,1079.0,448.20000000000005
2025-11-01,Q4,SKU011,Wholesale,88,13.0,5.4,1144.0,475.20000000000005
2025-11-01,Q4,SKU012,E-commerce,144,15.0,6.2,2160.0,892.8000000000001
2025-11-01,Q4,SKU012,Retail,86,15.0,6.2,1290.0,533.2
2025-11-01,Q4,SKU012,Wholesale,39,15.0,6.2,585.0,241.8
2025-12-01,Q4,SKU001,E-commerce,51,18.0,7.2,918.0,367.2
2025-12-01,Q4,SKU001,Retail,151,18.0,7.2,2718.0,1087.2
2025-12-01,Q4,SKU001,Wholesale,88,18.0,7.2,1584.0,633.6
2025-12-01,Q4,SKU002,E-commerce,99,12.0,4.8,1188.0,475.2
2025-12-01,Q4,SKU002,Retail,41,12.0,4.8,492.0,196.79999999999998
2025-12-01,Q4,SKU002,Wholesale,33,12.0,4.8,396.0,158.4
2025-12-01,Q4,SKU003,E-commerce,99,10.0,4.1,990.0,405.9
2025-12-01,Q4,SKU003,Retail,60,10.0,4.1,600.0,245.99999999999997
2025-12-01,Q4,SKU003,Wholesale,112,10.0,4.1,1120.0,459.19999999999993
2025-12-01,Q4,SKU004,E-commerce,92,14.0,5.6,1288.0,515.1999999999999
2025-12-01,Q4,SKU004,Retail,59,14.0,5.6,826.0,330.4
2025-12-01,Q4,SKU004,Wholesale,90,14.0,5.6,1260.0,503.99999999999994
2025-12-01,Q4,SKU005,E-commerce,137,9.0,3.7,1233.0,506.90000000000003
2025-12-01,Q4,SKU005,Retail,109,9.0,3.7,981.0,403.3
2025-12-01,Q4,SKU005,Wholesale,112,9.0,3.7,1008.0,414.40000000000003
2025-12-01,Q4,SKU006,E-commerce,42,8.0,3.2,336.0,134.4
2025-12-01,Q4,SKU006,Retail,50,8.0,3.2,400.0,160.0
2025-12-01,Q4,SKU006,Wholesale,48,8.0,3.2,384.0,153.60000000000002
2025-12-01,Q4,SKU007,E-commerce,71,16.0,6.8,1136.0,482.8
2025-12-01,Q4,SKU007,Retail,115,16.0,6.8,1840.0,782.0
2025-12-01,Q4,SKU007,Wholesale,43,16.0,6.8,688.0,292.4
2025-12-01,Q4,SKU008,E-commerce,107,11.0,4.5,1177.0,481.5
2025-12-01,Q4,SKU008,Retail,140,11.0,4.5,1540.0,630.0
2025-12-01,Q4,SKU008,Wholesale,105,11.0,4.5,1155.0,472.5
2025-12-01,Q4,SKU009,E-commerce,80,20.0,8.5,1600.0,680.0
2025-12-01,Q4,SKU009,Retail,121,20.0,8.5,2420.0,1028.5
2025-12-01,Q4,SKU009,Wholesale,50,20.0,8.5,1000.0,425.0
2025-12-01,Q4,SKU010,E-commerce,55,28.0,12.0,1540.0,660.0
2025-12-01,Q4,SKU010,Retail,91,28.0,12.0,2548.0,1092.0
2025-12-01,Q4,SKU010,Wholesale,90,28.0,12.0,2520.0,1080.0
2025-12-01,Q4,SKU011,E-commerce,47,13.0,5.4,611.0,253.8
2025-12-01,Q4,SKU011,Retail,99,13.0,5.4,1287.0,534.6
2025-12-01,Q4,SKU011,Wholesale,66,13.0,5.4,858.0,356.40000000000003
2025-12-01,Q4,SKU012,E-commerce,73,15.0,6.2,1095.0,452.6
2025-12-01,Q4,SKU012,Retail,128,15.0,6.2,1920.0,793.6
2025-12-01,Q4,SKU012,Wholesale,40,15.0,6.2,600.0,248.0
